pickup_loc,trips,missing_rate
86,1615,0.9207430340557275
117,1325,0.8950943396226415
222,1463,0.8920027341079972
